Lecture_File,Semantic_Score,KG_Score,Mutual_Info,Observed_KQS_Score,Final_KQS,HKQS
lecture1.txt,0.67,0.06,0.75,0.5,0.6713,0.68
lecture10.txt,0.65,0.07,0.72,0.48,0.6479,0.65
lecture100.txt,0.8,0.13,0.73,0.56,0.7146,0.75
lecture11.txt,0.74,0.12,0.73,0.53,0.6911,0.7
lecture12.txt,0.75,0.06,0.76,0.53,0.7072,0.75
lecture13.txt,0.7,0.13,0.71,0.51,0.6656,0.7
lecture14.txt,0.8,0.06,0.77,0.54,0.7317,0.75
lecture15.txt,0.73,0.03,0.73,0.49,0.681,0.7
lecture16.txt,0.7,0.07,0.74,0.51,0.6779,0.7
lecture17.txt,0.81,0.07,0.71,0.53,0.7032,0.7
lecture18.txt,0.75,0.06,0.76,0.52,0.7072,0.75
lecture19.txt,0.65,0.13,0.74,0.51,0.6631,0.7
lecture2.txt,0.72,0.06,0.75,0.51,0.6903,0.7
lecture20.txt,0.83,0.13,0.74,0.57,0.7315,0.75
lecture21.txt,0.72,0.07,0.74,0.51,0.6855,0.7
lecture22.txt,0.76,0.07,0.74,0.52,0.7007,0.7
lecture23.txt,0.72,0.06,0.73,0.51,0.6793,0.65
lecture24.txt,0.78,0.08,0.7,0.52,0.687,0.7
lecture25.txt,0.74,0.13,0.71,0.53,0.6808,0.7
lecture26.txt,0.81,0.18,0.75,0.58,0.7329,0.75
lecture27.txt,0.82,0.06,0.76,0.55,0.7338,0.75
lecture28.txt,0.87,0.14,0.72,0.58,0.7364,0.74
lecture29.txt,0.75,0.12,0.74,0.54,0.7004,0.7
lecture3.txt,0.74,0.07,0.74,0.52,0.6931,0.71
lecture30.txt,0.83,0.07,0.71,0.54,0.7108,0.7
lecture31.txt,0.75,0.14,0.73,0.54,0.6963,0.7
lecture32.txt,0.7,0.14,0.72,0.52,0.6718,0.7
lecture33.txt,0.72,0.19,0.73,0.55,0.6884,0.7
lecture34.txt,0.84,0.06,0.72,0.54,0.7194,0.72
lecture35.txt,0.7,0.13,0.74,0.53,0.6821,0.7
lecture36.txt,0.73,0.13,0.74,0.53,0.6935,0.7
lecture37.txt,0.74,0.19,0.75,0.56,0.707,0.72
lecture38.txt,0.68,0.19,0.75,0.54,0.6842,0.71
lecture39.txt,0.68,0.06,0.71,0.49,0.6531,0.7
lecture4.txt,0.76,0.07,0.72,0.52,0.6897,0.7
lecture40.txt,0.69,0.06,0.72,0.49,0.6624,0.7
lecture41.txt,0.8,0.07,0.68,0.52,0.6829,0.68
lecture42.txt,0.72,0.07,0.72,0.5,0.6745,0.65
lecture43.txt,0.8,0.1,0.74,0.55,0.718,0.7
lecture44.txt,0.79,0.13,0.73,0.55,0.7108,0.7
lecture45.txt,0.83,0.13,0.73,0.56,0.726,0.7
lecture46.txt,0.79,0.08,0.7,0.52,0.6908,0.7
lecture47.txt,0.66,0.07,0.71,0.48,0.6462,0.6
lecture48.txt,0.74,0.14,0.69,0.53,0.6705,0.65
lecture49.txt,0.8,0.06,0.75,0.54,0.7207,0.7
lecture5.txt,0.81,0.07,0.71,0.53,0.7032,0.71
lecture50.txt,0.81,0.13,0.73,0.56,0.7184,0.7
lecture51.txt,0.79,0.07,0.67,0.51,0.6736,0.65
lecture52.txt,0.84,0.13,0.72,0.57,0.7243,0.7
lecture53.txt,0.88,0.12,0.71,0.57,0.7333,0.75
lecture54.txt,0.81,0.07,0.73,0.54,0.7142,0.7
lecture55.txt,0.77,0.07,0.7,0.52,0.6825,0.7
lecture56.txt,0.74,0.13,0.74,0.54,0.6973,0.7
lecture57.txt,0.72,0.07,0.74,0.51,0.6855,0.7
lecture58.txt,0.82,0.12,0.74,0.56,0.727,0.7
lecture59.txt,0.77,0.06,0.75,0.53,0.7093,0.7
lecture6.txt,0.68,0.07,0.71,0.49,0.6538,0.7
lecture60.txt,0.76,0.14,0.74,0.55,0.7056,0.7
lecture61.txt,0.83,0.08,0.71,0.54,0.7115,0.7
lecture62.txt,0.76,0.06,0.75,0.53,0.7055,0.73
lecture63.txt,0.66,0.07,0.73,0.49,0.6572,0.66
lecture64.txt,0.81,0.13,0.73,0.56,0.7184,0.7
lecture65.txt,0.84,0.07,0.72,0.55,0.7201,0.75
lecture66.txt,0.83,0.15,0.73,0.57,0.7274,0.75
lecture67.txt,0.75,0.06,0.75,0.52,0.7017,0.7
lecture68.txt,0.77,0.06,0.75,0.53,0.7093,0.7
lecture69.txt,0.83,0.06,0.77,0.55,0.7431,0.75
lecture7.txt,0.77,0.06,0.75,0.53,0.7093,0.75
lecture70.txt,0.7,0.06,0.73,0.5,0.6717,0.65
lecture71.txt,0.67,0.06,0.76,0.5,0.6768,0.65
lecture72.txt,0.67,0.06,0.73,0.49,0.6603,0.7
lecture73.txt,0.83,0.06,0.73,0.54,0.7211,0.73
lecture74.txt,0.66,0.06,0.73,0.49,0.6565,0.7
lecture75.txt,0.65,0.06,0.71,0.48,0.6417,0.6
lecture76.txt,0.62,0.06,0.71,0.47,0.6303,0.6
lecture77.txt,0.87,0.13,0.72,0.58,0.7357,0.75
lecture78.txt,0.65,0.06,0.76,0.49,0.6692,0.6
lecture79.txt,0.77,0.07,0.71,0.52,0.688,0.68
lecture8.txt,0.67,0.13,0.76,0.52,0.6817,0.71
lecture80.txt,0.69,0.06,0.76,0.5,0.6844,0.71
lecture81.txt,0.74,0.07,0.7,0.51,0.6711,0.57
lecture82.txt,0.8,0.07,0.72,0.53,0.7049,0.76
lecture83.txt,0.8,0.07,0.71,0.53,0.6994,0.71
lecture84.txt,0.74,0.06,0.73,0.51,0.6869,0.71
lecture85.txt,0.74,0.07,0.72,0.51,0.6821,0.7
lecture86.txt,0.73,0.07,0.7,0.5,0.6673,0.66
lecture87.txt,0.74,0.07,0.74,0.52,0.6931,0.71
lecture88.txt,0.75,0.06,0.73,0.52,0.6907,0.71
lecture89.txt,0.74,0.06,0.73,0.51,0.6869,0.71
lecture9.txt,0.68,0.06,0.75,0.5,0.6751,0.74
lecture90.txt,0.74,0.07,0.74,0.52,0.6931,0.7
lecture91.txt,0.86,0.13,0.73,0.58,0.7374,0.75
lecture92.txt,0.72,0.06,0.76,0.51,0.6958,0.7
lecture93.txt,0.67,0.13,0.74,0.52,0.6707,0.7
lecture94.txt,0.64,0.06,0.73,0.48,0.6489,0.7
lecture95.txt,0.81,0.13,0.73,0.56,0.7184,0.76
lecture96.txt,0.77,0.13,0.74,0.55,0.7087,0.7
lecture97.txt,0.79,0.06,0.78,0.54,0.7334,0.8
lecture98.txt,0.68,0.06,0.75,0.5,0.6751,0.7
lecture99.txt,0.78,0.11,0.77,0.55,0.7276,0.75
lecture100.txt,0.65,0.08,0.71,0.48,0.6431,0.71
lecture101.txt,0.63,0.01,0.77,0.47,0.6636,0.71
lecture102.txt,0.79,0.09,0.73,0.54,0.708,0.65
lecture103.txt,0.7,0.1,0.69,0.5,0.6525,0.68
lecture104.txt,0.75,0.06,0.75,0.52,0.7017,0.66
lecture105.txt,0.86,0.12,0.76,0.58,0.7532,0.79
lecture106.txt,0.68,0.04,0.7,0.48,0.6462,0.77
lecture107.txt,0.73,0.09,0.76,0.53,0.7017,0.69
lecture108.txt,0.82,0.17,0.77,0.59,0.747,0.72
lecture109.txt,0.68,0.07,0.7,0.49,0.6483,0.64
lecture110.txt,0.64,0.04,0.78,0.49,0.675,0.7
lecture111.txt,0.7,0.19,0.69,0.53,0.6588,0.74
lecture112.txt,0.66,0.05,0.69,0.47,0.6338,0.64
lecture113.txt,0.86,0.05,0.69,0.53,0.7098,0.71
lecture114.txt,0.83,0.12,0.77,0.58,0.7473,0.64
lecture115.txt,0.78,0.14,0.74,0.56,0.7132,0.76
lecture116.txt,0.85,0.13,0.69,0.56,0.7116,0.75
lecture117.txt,0.83,0.02,0.72,0.53,0.7128,0.68
lecture118.txt,0.67,0.1,0.74,0.51,0.6686,0.73
lecture119.txt,0.85,0.06,0.68,0.53,0.7012,0.66
lecture120.txt,0.76,0.03,0.77,0.52,0.7144,0.68
lecture121.txt,0.83,0.1,0.76,0.57,0.7404,0.8
lecture122.txt,0.85,0.09,0.73,0.56,0.7308,0.74
lecture123.txt,0.7,0.1,0.78,0.53,0.702,0.72
lecture124.txt,0.65,0.19,0.72,0.52,0.6563,0.75
lecture125.txt,0.68,0.15,0.78,0.54,0.6979,0.7
lecture126.txt,0.73,0.13,0.74,0.54,0.6935,0.63
lecture127.txt,0.83,0.02,0.74,0.53,0.7238,0.75
lecture128.txt,0.84,0.09,0.69,0.54,0.705,0.72
lecture129.txt,0.62,0.09,0.77,0.5,0.6654,0.64
lecture130.txt,0.75,0.06,0.72,0.51,0.6852,0.72
lecture131.txt,0.73,0.17,0.69,0.53,0.6688,0.77
lecture132.txt,0.68,0.11,0.67,0.49,0.6346,0.73
lecture133.txt,0.65,0.02,0.73,0.47,0.6499,0.76
lecture134.txt,0.71,0.05,0.73,0.5,0.6748,0.76
lecture135.txt,0.87,0.07,0.75,0.57,0.748,0.69
lecture136.txt,0.7,0.02,0.77,0.5,0.6909,0.65
lecture137.txt,0.75,0.1,0.68,0.51,0.666,0.72
lecture138.txt,0.8,0.11,0.75,0.56,0.7242,0.78
lecture139.txt,0.71,0.11,0.69,0.51,0.657,0.74
lecture140.txt,0.87,0.14,0.76,0.59,0.7584,0.78
lecture141.txt,0.87,0.19,0.76,0.61,0.7619,0.69
lecture142.txt,0.69,0.08,0.73,0.5,0.6693,0.69
lecture143.txt,0.75,0.07,0.75,0.53,0.7024,0.71
lecture144.txt,0.7,0.13,0.7,0.51,0.6601,0.64
lecture145.txt,0.69,0.06,0.72,0.49,0.6624,0.78
lecture146.txt,0.63,0.1,0.76,0.5,0.6644,0.75
lecture147.txt,0.78,0.18,0.72,0.56,0.705,0.65
lecture148.txt,0.75,0.15,0.71,0.54,0.686,0.67
lecture149.txt,0.63,0.1,0.72,0.49,0.6424,0.63
lecture150.txt,0.69,0.1,0.76,0.52,0.6872,0.76
lecture151.txt,0.86,0.07,0.71,0.55,0.7222,0.73
lecture152.txt,0.68,0.19,0.69,0.52,0.6512,0.79
lecture153.txt,0.66,0.07,0.75,0.5,0.6682,0.68
lecture154.txt,0.75,0.07,0.76,0.53,0.7079,0.65
lecture155.txt,0.88,0.14,0.68,0.57,0.7182,0.74
lecture156.txt,0.68,0.17,0.7,0.52,0.6553,0.65
lecture157.txt,0.79,0.04,0.69,0.51,0.6825,0.78
lecture158.txt,0.82,0.1,0.71,0.55,0.7091,0.67
lecture159.txt,0.68,0.1,0.72,0.5,0.6614,0.73
lecture160.txt,0.81,0.01,0.75,0.53,0.721,0.63
lecture161.txt,0.72,0.19,0.74,0.55,0.6939,0.67
lecture162.txt,0.78,0.03,0.74,0.52,0.7055,0.66
lecture163.txt,0.78,0.08,0.71,0.53,0.6925,0.7
lecture164.txt,0.76,0.17,0.76,0.57,0.7187,0.65
lecture165.txt,0.64,0.04,0.72,0.47,0.642,0.65
lecture166.txt,0.84,0.19,0.78,0.61,0.7615,0.75
lecture167.txt,0.7,0.19,0.74,0.55,0.6863,0.68
lecture168.txt,0.67,0.12,0.68,0.49,0.637,0.75
lecture169.txt,0.63,0,0.74,0.46,0.6464,0.65
lecture170.txt,0.77,0.07,0.71,0.52,0.688,0.7
lecture171.txt,0.8,0.14,0.75,0.57,0.7263,0.65
lecture172.txt,0.62,0.12,0.68,0.48,0.618,0.65
lecture173.txt,0.75,0.15,0.69,0.53,0.675,0.65
lecture174.txt,0.68,0.06,0.76,0.5,0.6806,0.65
lecture175.txt,0.79,0.15,0.69,0.54,0.6902,0.65
lecture176.txt,0.67,0.12,0.76,0.52,0.681,0.7
lecture177.txt,0.8,0.18,0.7,0.56,0.7016,0.7
lecture178.txt,0.72,0.02,0.74,0.5,0.682,0.69
lecture179.txt,0.86,0.18,0.75,0.6,0.7519,0.65
lecture180.txt,0.66,0.12,0.73,0.51,0.6607,0.7
lecture181.txt,0.71,0.09,0.7,0.5,0.6611,0.7
lecture182.txt,0.65,0.08,0.69,0.48,0.6321,0.65
lecture183.txt,0.86,0.15,0.67,0.56,0.7058,0.7
lecture184.txt,0.85,0.06,0.7,0.54,0.7122,0.7
lecture185.txt,0.69,0.02,0.74,0.49,0.6706,0.7
lecture186.txt,0.79,0.09,0.77,0.55,0.73,0.7
lecture187.txt,0.83,0.07,0.77,0.56,0.7438,0.7
lecture188.txt,0.76,0.02,0.75,0.51,0.7027,0.7
lecture189.txt,0.76,0.07,0.76,0.53,0.7117,0.71
lecture190.txt,0.68,0.07,0.74,0.5,0.6703,0.65
lecture191.txt,0.64,0.02,0.7,0.46,0.6296,0.62
lecture192.txt,0.85,0.13,0.77,0.59,0.7556,0.72
lecture193.txt,0.85,0.08,0.74,0.56,0.7356,0.75
lecture194.txt,0.78,0.14,0.73,0.55,0.7077,0.7
lecture195.txt,0.71,0.01,0.68,0.47,0.6445,0.65
lecture196.txt,0.71,0.1,0.72,0.51,0.6728,0.7
lecture197.txt,0.81,0.09,0.72,0.54,0.7101,0.7
lecture198.txt,0.85,0.09,0.77,0.57,0.7528,0.7
lecture199.txt,0.85,0.17,0.73,0.58,0.7364,0.72
lecture200.txt,0.82,0.03,0.71,0.52,0.7042,0.65
lecture201.txt,0.79,0.17,0.78,0.58,0.7411,0.7
lecture202.txt,0.64,0.01,0.68,0.45,0.6179,0.76
lecture203.txt,0.66,0.01,0.72,0.47,0.6475,0.69
lecture204.txt,0.85,0.07,0.67,0.53,0.6964,0.62
lecture205.txt,0.78,0.11,0.75,0.55,0.7166,0.74
lecture206.txt,0.62,0.18,0.77,0.53,0.6717,0.69
lecture207.txt,0.65,0.07,0.7,0.48,0.6369,0.67
lecture208.txt,0.79,0.1,0.76,0.55,0.7252,0.64
lecture209.txt,0.62,0.06,0.7,0.46,0.6248,0.68
lecture210.txt,0.66,0.12,0.77,0.52,0.6827,0.69
lecture211.txt,0.76,0.1,0.75,0.54,0.7083,0.73
lecture212.txt,0.8,0.1,0.76,0.56,0.729,0.64
lecture213.txt,0.79,0.04,0.67,0.5,0.6715,0.66
lecture214.txt,0.68,0.18,0.78,0.55,0.7,0.66
lecture215.txt,0.81,0.07,0.75,0.55,0.7252,0.79
lecture216.txt,0.68,0.05,0.7,0.48,0.6469,0.68
lecture217.txt,0.7,0.02,0.76,0.5,0.6854,0.63
lecture218.txt,0.81,0.07,0.7,0.53,0.6977,0.71
lecture219.txt,0.79,0.15,0.77,0.57,0.7342,0.75
lecture220.txt,0.84,0.06,0.68,0.53,0.6974,0.71
lecture221.txt,0.79,0.09,0.75,0.55,0.719,0.76
lecture222.txt,0.77,0.03,0.73,0.51,0.6962,0.66
lecture223.txt,0.64,0.1,0.68,0.48,0.6242,0.75
lecture224.txt,0.72,0.09,0.7,0.51,0.6649,0.79
lecture225.txt,0.69,0.1,0.67,0.49,0.6377,0.78
lecture226.txt,0.68,0.15,0.72,0.52,0.6649,0.68
lecture227.txt,0.87,0.09,0.7,0.55,0.7219,0.67
lecture228.txt,0.72,0.06,0.74,0.51,0.6848,0.74
lecture229.txt,0.85,0.12,0.7,0.56,0.7164,0.67
lecture230.txt,0.78,0.09,0.7,0.53,0.6877,0.79
lecture231.txt,0.83,0.06,0.75,0.55,0.7321,0.77
lecture232.txt,0.75,0.05,0.68,0.5,0.6625,0.68
lecture233.txt,0.77,0.05,0.77,0.53,0.7196,0.66
lecture234.txt,0.75,0.01,0.76,0.51,0.7037,0.74
lecture235.txt,0.67,0.15,0.74,0.52,0.6721,0.77
lecture236.txt,0.81,0.08,0.74,0.55,0.7204,0.67
lecture237.txt,0.69,0.1,0.77,0.52,0.6927,0.75
lecture238.txt,0.63,0.11,0.69,0.48,0.6266,0.68
lecture239.txt,0.79,0.09,0.68,0.52,0.6805,0.78
lecture240.txt,0.67,0.04,0.7,0.47,0.6424,0.72
lecture241.txt,0.86,0.1,0.76,0.58,0.7518,0.74
lecture242.txt,0.87,0.18,0.67,0.57,0.7117,0.64
lecture243.txt,0.86,0.18,0.73,0.59,0.7409,0.69
lecture244.txt,0.72,0.19,0.78,0.57,0.7159,0.7
lecture245.txt,0.62,0.18,0.76,0.52,0.6662,0.7
lecture246.txt,0.86,0.14,0.73,0.58,0.7381,0.63
lecture247.txt,0.73,0.03,0.68,0.48,0.6535,0.75
lecture248.txt,0.87,0.01,0.76,0.55,0.7493,0.63
lecture249.txt,0.87,0.06,0.74,0.56,0.7418,0.72
lecture250.txt,0.84,0.14,0.68,0.55,0.703,0.71
lecture251.txt,0.7,0.18,0.68,0.52,0.6526,0.74
lecture252.txt,0.72,0.11,0.77,0.54,0.7048,0.7
lecture253.txt,0.84,0.03,0.74,0.54,0.7283,0.8
lecture254.txt,0.7,0.03,0.76,0.5,0.6861,0.75
lecture255.txt,0.66,0.07,0.77,0.5,0.6792,0.69
lecture256.txt,0.76,0.1,0.73,0.53,0.6973,0.73
lecture257.txt,0.86,0.05,0.73,0.55,0.7318,0.67
lecture258.txt,0.8,0.11,0.72,0.55,0.7077,0.62
lecture259.txt,0.77,0.01,0.7,0.5,0.6783,0.79
lecture260.txt,0.65,0.13,0.72,0.5,0.6521,0.8
lecture261.txt,0.78,0.06,0.76,0.54,0.7186,0.76
lecture262.txt,0.88,0.18,0.74,0.6,0.754,0.78
lecture263.txt,0.66,0.07,0.77,0.5,0.6792,0.67
lecture264.txt,0.75,0.1,0.72,0.53,0.688,0.75
lecture265.txt,0.85,0,0.74,0.53,0.73,0.65
lecture266.txt,0.81,0.02,0.74,0.53,0.7162,0.67
lecture267.txt,0.8,0.09,0.74,0.55,0.7173,0.75
lecture268.txt,0.8,0.11,0.75,0.56,0.7242,0.74
lecture269.txt,0.71,0.14,0.7,0.52,0.6646,0.63
lecture270.txt,0.7,0.07,0.73,0.5,0.6724,0.72
lecture271.txt,0.83,0.07,0.68,0.53,0.6943,0.79
lecture272.txt,0.83,0.1,0.71,0.55,0.7129,0.64
lecture273.txt,0.85,0.18,0.72,0.58,0.7316,0.68
lecture274.txt,0.86,0.01,0.74,0.54,0.7345,0.79
lecture275.txt,0.75,0.11,0.77,0.55,0.7162,0.7
lecture276.txt,0.75,0.02,0.74,0.51,0.6934,0.69
lecture277.txt,0.83,0.06,0.75,0.55,0.7321,0.71
lecture278.txt,0.79,0.12,0.73,0.55,0.7101,0.73
lecture279.txt,0.8,0.03,0.74,0.53,0.7131,0.77
lecture280.txt,0.83,0.11,0.68,0.54,0.6971,0.65
lecture281.txt,0.85,0.14,0.7,0.56,0.7178,0.74
lecture282.txt,0.71,0.07,0.71,0.5,0.6652,0.62
lecture283.txt,0.72,0.13,0.72,0.53,0.6787,0.7
lecture284.txt,0.64,0,0.68,0.44,0.6172,0.66
lecture285.txt,0.77,0.08,0.69,0.52,0.6777,0.75
lecture286.txt,0.63,0.12,0.7,0.49,0.6328,0.79
lecture287.txt,0.74,0.02,0.78,0.52,0.7116,0.74
lecture288.txt,0.76,0.08,0.71,0.52,0.6849,0.63
lecture289.txt,0.69,0.01,0.72,0.48,0.6589,0.75
lecture290.txt,0.77,0.02,0.69,0.5,0.6735,0.73
lecture291.txt,0.63,0.09,0.74,0.49,0.6527,0.75
lecture292.txt,0.63,0.03,0.7,0.46,0.6265,0.65
lecture293.txt,0.83,0.13,0.69,0.55,0.704,0.75
lecture294.txt,0.71,0.07,0.73,0.51,0.6762,0.75
lecture295.txt,0.65,0.18,0.67,0.5,0.6281,0.79
lecture296.txt,0.76,0.05,0.67,0.5,0.6608,0.77
lecture297.txt,0.82,0.04,0.69,0.52,0.6939,0.78
lecture298.txt,0.68,0.02,0.67,0.46,0.6283,0.71
lecture299.txt,0.78,0.15,0.68,0.54,0.6809,0.72
lecture300.txt,0.64,0.07,0.71,0.48,0.6386,0.64
lecture301.txt,0.63,0.01,0.76,0.47,0.6581,0.71
lecture302.txt,0.76,0.09,0.73,0.53,0.6966,0.66
lecture303.txt,0.76,0.01,0.73,0.5,0.691,0.74
lecture304.txt,0.79,0.12,0.7,0.54,0.6936,0.63
lecture305.txt,0.81,0.07,0.77,0.55,0.7362,0.64
lecture306.txt,0.87,0.1,0.71,0.56,0.7281,0.69
lecture307.txt,0.75,0.07,0.68,0.5,0.6639,0.66
lecture308.txt,0.7,0.18,0.74,0.54,0.6856,0.65
lecture309.txt,0.83,0.08,0.68,0.53,0.695,0.68
lecture310.txt,0.69,0.19,0.71,0.53,0.666,0.69
lecture311.txt,0.73,0.02,0.73,0.5,0.6803,0.77
lecture312.txt,0.64,0.06,0.77,0.49,0.6709,0.67
lecture313.txt,0.63,0.13,0.72,0.5,0.6445,0.71
lecture314.txt,0.87,0.19,0.75,0.6,0.7564,0.67
lecture315.txt,0.84,0.1,0.78,0.58,0.7552,0.76
lecture316.txt,0.8,0.15,0.68,0.54,0.6885,0.64
lecture317.txt,0.73,0.12,0.7,0.52,0.6708,0.66
lecture318.txt,0.67,0.17,0.71,0.52,0.657,0.7
lecture319.txt,0.66,0.02,0.72,0.47,0.6482,0.71
lecture320.txt,0.69,0.01,0.72,0.48,0.6589,0.77
lecture321.txt,0.76,0.06,0.77,0.53,0.7165,0.72
lecture322.txt,0.81,0.04,0.75,0.54,0.7231,0.65
lecture323.txt,0.79,0.1,0.74,0.55,0.7142,0.75
lecture324.txt,0.69,0.05,0.7,0.48,0.6507,0.69
lecture325.txt,0.87,0.09,0.76,0.58,0.7549,0.73
lecture326.txt,0.81,0.08,0.78,0.56,0.7424,0.78
lecture327.txt,0.76,0.04,0.76,0.52,0.7096,0.63
lecture328.txt,0.78,0.18,0.67,0.54,0.6775,0.77
lecture329.txt,0.73,0.15,0.74,0.54,0.6949,0.75
lecture330.txt,0.68,0.11,0.68,0.49,0.6401,0.78
lecture331.txt,0.71,0.13,0.7,0.52,0.6639,0.66
lecture332.txt,0.82,0.17,0.68,0.56,0.6975,0.7
lecture333.txt,0.62,0.05,0.74,0.47,0.6461,0.7
lecture334.txt,0.65,0.12,0.75,0.51,0.6679,0.75
lecture335.txt,0.63,0.09,0.68,0.47,0.6197,0.64
lecture336.txt,0.63,0.15,0.71,0.5,0.6404,0.69
lecture337.txt,0.84,0.05,0.72,0.54,0.7187,0.62
lecture338.txt,0.8,0.07,0.71,0.53,0.6994,0.64
lecture339.txt,0.74,0.02,0.68,0.48,0.6566,0.66
lecture340.txt,0.65,0.01,0.72,0.46,0.6437,0.7
lecture341.txt,0.75,0.06,0.75,0.52,0.7017,0.66
lecture342.txt,0.74,0.11,0.68,0.51,0.6629,0.79
lecture343.txt,0.67,0.1,0.68,0.49,0.6356,0.69
lecture344.txt,0.73,0.17,0.71,0.54,0.6798,0.73
lecture345.txt,0.72,0.17,0.77,0.56,0.709,0.79
lecture346.txt,0.78,0.1,0.74,0.54,0.7104,0.77
lecture347.txt,0.79,0.08,0.74,0.54,0.7128,0.66
lecture348.txt,0.63,0.09,0.71,0.48,0.6362,0.64
lecture349.txt,0.72,0.12,0.74,0.53,0.689,0.68
lecture350.txt,0.78,0.01,0.67,0.49,0.6656,0.78
lecture351.txt,0.75,0.1,0.74,0.53,0.699,0.67
lecture352.txt,0.84,0.13,0.77,0.58,0.7518,0.66
lecture353.txt,0.79,0.1,0.74,0.55,0.7142,0.74
lecture354.txt,0.66,0.17,0.77,0.54,0.6862,0.62
lecture355.txt,0.64,0.11,0.75,0.5,0.6634,0.75
lecture356.txt,0.79,0.1,0.68,0.52,0.6812,0.78
lecture357.txt,0.63,0.06,0.77,0.49,0.6671,0.74
lecture358.txt,0.77,0.1,0.68,0.52,0.6736,0.73
lecture359.txt,0.86,0.06,0.73,0.55,0.7325,0.8
lecture360.txt,0.77,0.14,0.69,0.53,0.6819,0.62
lecture361.txt,0.72,0.06,0.67,0.49,0.6463,0.78
lecture362.txt,0.79,0.05,0.72,0.52,0.6997,0.66
lecture363.txt,0.74,0.14,0.7,0.53,0.676,0.76
lecture364.txt,0.76,0.15,0.72,0.55,0.6953,0.63
lecture365.txt,0.86,0.17,0.73,0.59,0.7402,0.74
lecture366.txt,0.72,0.03,0.67,0.48,0.6442,0.64
lecture367.txt,0.87,0.07,0.68,0.54,0.7095,0.66
lecture368.txt,0.86,0.06,0.73,0.55,0.7325,0.64
lecture369.txt,0.67,0.04,0.71,0.48,0.6479,0.71
lecture370.txt,0.64,0.05,0.75,0.48,0.6592,0.8
lecture371.txt,0.65,0.09,0.74,0.5,0.6603,0.79
lecture372.txt,0.62,0.04,0.76,0.48,0.6564,0.63
lecture373.txt,0.64,0.1,0.75,0.5,0.6627,0.74
lecture374.txt,0.8,0.11,0.72,0.55,0.7077,0.71
lecture375.txt,0.64,0.06,0.74,0.48,0.6544,0.64
lecture376.txt,0.7,0.1,0.7,0.5,0.658,0.64
lecture377.txt,0.84,0.1,0.7,0.55,0.7112,0.69
lecture378.txt,0.63,0.12,0.76,0.51,0.6658,0.71
lecture379.txt,0.83,0.08,0.72,0.55,0.717,0.7
lecture380.txt,0.69,0.14,0.76,0.53,0.69,0.72
lecture381.txt,0.65,0.04,0.76,0.49,0.6678,0.72
lecture382.txt,0.8,0.09,0.76,0.55,0.7283,0.78
lecture383.txt,0.78,0.09,0.77,0.55,0.7262,0.76
lecture384.txt,0.85,0.06,0.72,0.55,0.7232,0.71
lecture385.txt,0.81,0.15,0.71,0.56,0.7088,0.65
lecture386.txt,0.83,0.07,0.73,0.55,0.7218,0.73
lecture387.txt,0.69,0.18,0.71,0.53,0.6653,0.73
lecture388.txt,0.67,0.03,0.74,0.48,0.6637,0.66
lecture389.txt,0.82,0.09,0.75,0.56,0.7304,0.66
lecture390.txt,0.83,0.1,0.75,0.56,0.7349,0.7
lecture391.txt,0.88,0.05,0.71,0.55,0.7284,0.79
lecture392.txt,0.73,0.02,0.69,0.48,0.6583,0.75
lecture393.txt,0.72,0.04,0.72,0.5,0.6724,0.77
lecture394.txt,0.82,0.12,0.69,0.54,0.6995,0.78
lecture395.txt,0.71,0.08,0.77,0.52,0.6989,0.73
lecture396.txt,0.86,0.19,0.71,0.59,0.7306,0.65
lecture397.txt,0.84,0.1,0.69,0.54,0.7057,0.65
lecture398.txt,0.73,0.06,0.67,0.49,0.6501,0.7
lecture399.txt,0.82,0.14,0.74,0.57,0.7284,0.66
lecture400.txt,0.82,0.07,0.74,0.55,0.7235,0.75
lecture401.txt,0.65,0.04,0.71,0.47,0.6403,0.73
lecture402.txt,0.85,0.04,0.68,0.52,0.6998,0.72
lecture403.txt,0.75,0.01,0.72,0.5,0.6817,0.74
lecture404.txt,0.83,0.17,0.7,0.57,0.7123,0.8
lecture405.txt,0.7,0.15,0.74,0.53,0.6835,0.75
lecture406.txt,0.85,0.11,0.74,0.57,0.7377,0.67
lecture407.txt,0.72,0.19,0.71,0.54,0.6774,0.77
lecture408.txt,0.62,0.19,0.69,0.5,0.6284,0.65
lecture409.txt,0.86,0.13,0.78,0.59,0.7649,0.73
lecture410.txt,0.64,0.1,0.72,0.49,0.6462,0.78
lecture411.txt,0.7,0.05,0.75,0.5,0.682,0.74
lecture412.txt,0.87,0.03,0.69,0.53,0.7122,0.76
lecture413.txt,0.87,0.06,0.72,0.55,0.7308,0.77
lecture414.txt,0.77,0.01,0.67,0.49,0.6618,0.73
lecture415.txt,0.78,0.12,0.73,0.55,0.7063,0.78
lecture416.txt,0.74,0.09,0.78,0.54,0.7165,0.73
lecture417.txt,0.7,0.01,0.71,0.48,0.6572,0.71
lecture418.txt,0.71,0.03,0.67,0.47,0.6404,0.73
lecture419.txt,0.79,0.1,0.67,0.52,0.6757,0.78
lecture420.txt,0.82,0.06,0.71,0.53,0.7063,0.75
lecture421.txt,0.83,0.07,0.69,0.53,0.6998,0.63
lecture422.txt,0.83,0.12,0.67,0.54,0.6923,0.7
lecture423.txt,0.64,0.01,0.75,0.47,0.6564,0.74
lecture424.txt,0.75,0.03,0.72,0.5,0.6831,0.79
lecture425.txt,0.63,0.12,0.7,0.49,0.6328,0.73
lecture426.txt,0.76,0.09,0.77,0.54,0.7186,0.7
lecture427.txt,0.73,0,0.68,0.47,0.6514,0.66
lecture428.txt,0.85,0.09,0.78,0.58,0.7583,0.64
lecture429.txt,0.71,0.15,0.7,0.52,0.6653,0.68
lecture430.txt,0.65,0.1,0.77,0.51,0.6775,0.78
lecture431.txt,0.66,0.1,0.74,0.5,0.6648,0.69
lecture432.txt,0.82,0.12,0.76,0.57,0.738,0.68
lecture433.txt,0.78,0.11,0.78,0.56,0.7331,0.7
lecture434.txt,0.65,0.15,0.7,0.5,0.6425,0.69
lecture435.txt,0.64,0.03,0.78,0.49,0.6743,0.71
lecture436.txt,0.8,0.01,0.71,0.51,0.6952,0.78
lecture437.txt,0.64,0.07,0.71,0.48,0.6386,0.7
lecture438.txt,0.83,0.07,0.71,0.54,0.7108,0.64
lecture439.txt,0.8,0.05,0.73,0.53,0.709,0.76
lecture440.txt,0.64,0.15,0.69,0.5,0.6332,0.79
lecture441.txt,0.64,0.09,0.73,0.49,0.651,0.64
lecture442.txt,0.88,0.02,0.73,0.55,0.7373,0.8
lecture443.txt,0.72,0.15,0.75,0.54,0.6966,0.74
lecture444.txt,0.72,0.1,0.76,0.53,0.6986,0.71
lecture445.txt,0.83,0.1,0.72,0.55,0.7184,0.63
lecture446.txt,0.87,0.04,0.7,0.54,0.7184,0.7
lecture447.txt,0.88,0.07,0.7,0.55,0.7243,0.64
lecture448.txt,0.82,0.19,0.69,0.57,0.7044,0.66
lecture449.txt,0.72,0.09,0.68,0.5,0.6539,0.71
lecture450.txt,0.64,0.07,0.71,0.48,0.6386,0.63
lecture451.txt,0.82,0.11,0.7,0.54,0.7043,0.76
lecture452.txt,0.77,0.14,0.78,0.57,0.7314,0.76
lecture453.txt,0.73,0.1,0.73,0.52,0.6859,0.7
lecture454.txt,0.86,0.13,0.71,0.57,0.7264,0.63
lecture455.txt,0.65,0.01,0.73,0.47,0.6492,0.76
lecture456.txt,0.75,0.06,0.69,0.5,0.6687,0.67
lecture457.txt,0.62,0.07,0.72,0.47,0.6365,0.71
lecture458.txt,0.74,0.07,0.74,0.52,0.6931,0.65
lecture459.txt,0.63,0.05,0.72,0.47,0.6389,0.76
lecture460.txt,0.65,0.15,0.71,0.51,0.648,0.78
lecture461.txt,0.65,0.09,0.78,0.51,0.6823,0.76
lecture462.txt,0.79,0.15,0.77,0.57,0.7342,0.76
lecture463.txt,0.81,0.02,0.74,0.53,0.7162,0.64
lecture464.txt,0.77,0.15,0.73,0.55,0.7046,0.67
lecture465.txt,0.87,0.12,0.74,0.58,0.746,0.62
lecture466.txt,0.72,0.01,0.69,0.48,0.6538,0.74
lecture467.txt,0.69,0.09,0.71,0.5,0.659,0.64
lecture468.txt,0.85,0.09,0.67,0.54,0.6978,0.63
lecture469.txt,0.68,0.1,0.72,0.5,0.6614,0.7
lecture470.txt,0.87,0.18,0.73,0.59,0.7447,0.63
lecture471.txt,0.62,0.13,0.7,0.49,0.6297,0.78
lecture472.txt,0.87,0.17,0.78,0.61,0.7715,0.76
lecture473.txt,0.63,0.1,0.77,0.5,0.6699,0.8
lecture474.txt,0.85,0.09,0.75,0.57,0.7418,0.67
lecture475.txt,0.76,0.08,0.73,0.53,0.6959,0.69
lecture476.txt,0.88,0.15,0.77,0.6,0.7684,0.66
lecture477.txt,0.64,0.19,0.68,0.51,0.6305,0.69
lecture478.txt,0.76,0.18,0.76,0.57,0.7194,0.7
lecture479.txt,0.87,0.18,0.68,0.58,0.7172,0.72
lecture480.txt,0.76,0.1,0.76,0.54,0.7138,0.76
lecture481.txt,0.78,0.19,0.7,0.56,0.6947,0.72
lecture482.txt,0.8,0.03,0.77,0.54,0.7296,0.67
lecture483.txt,0.74,0.13,0.77,0.55,0.7138,0.79
lecture484.txt,0.78,0,0.69,0.49,0.6759,0.69
lecture485.txt,0.77,0.07,0.72,0.52,0.6935,0.78
lecture486.txt,0.85,0.08,0.78,0.57,0.7576,0.8
lecture487.txt,0.63,0.09,0.72,0.48,0.6417,0.63
lecture488.txt,0.69,0.07,0.76,0.51,0.6851,0.65
lecture489.txt,0.87,0.09,0.73,0.57,0.7384,0.77
lecture490.txt,0.85,0.1,0.71,0.55,0.7205,0.72
lecture491.txt,0.74,0.05,0.7,0.5,0.6697,0.73
lecture492.txt,0.78,0.09,0.69,0.52,0.6822,0.64
lecture493.txt,0.69,0.05,0.75,0.5,0.6782,0.67
lecture494.txt,0.67,0.02,0.71,0.47,0.6465,0.72
lecture495.txt,0.74,0.14,0.73,0.54,0.6925,0.76
lecture496.txt,0.71,0.15,0.72,0.53,0.6763,0.68
lecture497.txt,0.77,0.14,0.73,0.55,0.7039,0.67
lecture498.txt,0.64,0.11,0.77,0.51,0.6744,0.64
lecture499.txt,0.87,0.09,0.78,0.58,0.7659,0.67
lecture500.txt,0.88,0.1,0.71,0.56,0.7319,0.68
lecture501.txt,0.8,0.12,0.76,0.56,0.7304,0.7
lecture502.txt,0.76,0.11,0.75,0.54,0.709,0.66
lecture503.txt,0.7,0.01,0.73,0.48,0.6682,0.62
lecture504.txt,0.83,0.08,0.78,0.57,0.75,0.78
lecture505.txt,0.8,0.09,0.69,0.53,0.6898,0.74
lecture506.txt,0.66,0.09,0.68,0.48,0.6311,0.65
lecture507.txt,0.86,0.13,0.76,0.59,0.7539,0.64
lecture508.txt,0.83,0.12,0.72,0.56,0.7198,0.69
lecture509.txt,0.87,0.14,0.76,0.59,0.7584,0.76
lecture510.txt,0.81,0.18,0.77,0.59,0.7439,0.78
lecture511.txt,0.78,0.19,0.68,0.55,0.6837,0.67
lecture512.txt,0.73,0.17,0.77,0.56,0.7128,0.66
lecture513.txt,0.86,0.09,0.72,0.56,0.7291,0.73
lecture514.txt,0.85,0,0.73,0.53,0.7245,0.71
lecture515.txt,0.63,0.05,0.74,0.48,0.6499,0.75
lecture516.txt,0.63,0,0.77,0.47,0.6629,0.68
lecture517.txt,0.72,0.15,0.67,0.51,0.6526,0.79
lecture518.txt,0.83,0.06,0.72,0.54,0.7156,0.67
lecture519.txt,0.88,0.06,0.75,0.57,0.7511,0.67
lecture520.txt,0.66,0.06,0.75,0.49,0.6675,0.62
lecture521.txt,0.77,0.01,0.75,0.51,0.7058,0.64
lecture522.txt,0.72,0.06,0.68,0.49,0.6518,0.8
lecture523.txt,0.87,0.08,0.7,0.55,0.7212,0.68
lecture524.txt,0.84,0.02,0.71,0.53,0.7111,0.74
lecture525.txt,0.84,0.11,0.76,0.57,0.7449,0.62
lecture526.txt,0.74,0.06,0.7,0.5,0.6704,0.66
lecture527.txt,0.73,0.07,0.69,0.5,0.6618,0.72
lecture528.txt,0.69,0.07,0.78,0.52,0.6961,0.66
lecture529.txt,0.63,0.18,0.67,0.5,0.6205,0.67
lecture530.txt,0.84,0.12,0.78,0.58,0.7566,0.67
lecture531.txt,0.83,0.07,0.74,0.55,0.7273,0.74
lecture532.txt,0.88,0.14,0.76,0.6,0.7622,0.79
lecture533.txt,0.88,0.07,0.7,0.55,0.7243,0.7
lecture534.txt,0.76,0.06,0.67,0.5,0.6615,0.8
lecture535.txt,0.82,0.1,0.75,0.56,0.7311,0.75
lecture536.txt,0.87,0.03,0.76,0.56,0.7507,0.74
lecture537.txt,0.84,0.04,0.75,0.55,0.7345,0.73
lecture538.txt,0.68,0.07,0.69,0.48,0.6428,0.68
lecture539.txt,0.74,0.04,0.75,0.51,0.6965,0.65
lecture540.txt,0.65,0.12,0.75,0.51,0.6679,0.63
lecture541.txt,0.87,0.07,0.74,0.56,0.7425,0.76
lecture542.txt,0.78,0.02,0.75,0.52,0.7103,0.65
lecture543.txt,0.68,0.13,0.76,0.53,0.6855,0.76
lecture544.txt,0.79,0.06,0.74,0.53,0.7114,0.63
lecture545.txt,0.78,0.09,0.68,0.52,0.6767,0.77
lecture546.txt,0.71,0.11,0.72,0.52,0.6735,0.73
lecture547.txt,0.65,0.19,0.68,0.51,0.6343,0.71
lecture548.txt,0.79,0.13,0.71,0.55,0.6998,0.71
lecture549.txt,0.76,0.01,0.71,0.5,0.68,0.75
lecture550.txt,0.82,0.15,0.68,0.55,0.6961,0.8
lecture551.txt,0.76,0.09,0.71,0.52,0.6856,0.71
lecture552.txt,0.84,0.14,0.68,0.55,0.703,0.71
lecture553.txt,0.76,0.19,0.76,0.57,0.7201,0.62
lecture554.txt,0.77,0.1,0.77,0.55,0.7231,0.75
lecture555.txt,0.85,0.05,0.68,0.53,0.7005,0.66
lecture556.txt,0.72,0.05,0.78,0.52,0.7061,0.75
lecture557.txt,0.65,0.14,0.73,0.51,0.6583,0.63
lecture558.txt,0.63,0.09,0.7,0.48,0.6307,0.68
lecture559.txt,0.82,0.19,0.68,0.56,0.6989,0.66
lecture560.txt,0.78,0.06,0.73,0.53,0.7021,0.77
lecture561.txt,0.8,0.08,0.76,0.55,0.7276,0.68
lecture562.txt,0.68,0.05,0.75,0.5,0.6744,0.78
lecture563.txt,0.66,0.18,0.68,0.51,0.6374,0.73
lecture564.txt,0.62,0.06,0.68,0.46,0.6138,0.66
lecture565.txt,0.71,0.19,0.71,0.54,0.6736,0.76
lecture566.txt,0.77,0.1,0.7,0.53,0.6846,0.66
lecture567.txt,0.72,0.15,0.7,0.53,0.6691,0.72
lecture568.txt,0.73,0.02,0.7,0.49,0.6638,0.63
lecture569.txt,0.86,0.14,0.76,0.59,0.7546,0.67
lecture570.txt,0.71,0.1,0.77,0.53,0.7003,0.78
lecture571.txt,0.75,0.13,0.71,0.53,0.6846,0.64
lecture572.txt,0.82,0.04,0.77,0.55,0.7379,0.68
lecture573.txt,0.72,0.17,0.71,0.54,0.676,0.67
lecture574.txt,0.78,0.1,0.72,0.54,0.6994,0.64
lecture575.txt,0.84,0.05,0.69,0.53,0.7022,0.79
lecture576.txt,0.87,0.02,0.74,0.55,0.739,0.71
lecture577.txt,0.66,0.01,0.78,0.49,0.6805,0.67
lecture578.txt,0.86,0.15,0.74,0.58,0.7443,0.77
lecture579.txt,0.75,0.14,0.71,0.54,0.6853,0.75
lecture580.txt,0.69,0.13,0.74,0.52,0.6783,0.79
lecture581.txt,0.74,0.05,0.68,0.49,0.6587,0.63
lecture582.txt,0.87,0.09,0.77,0.58,0.7604,0.64
lecture583.txt,0.75,0.14,0.73,0.54,0.6963,0.65
lecture584.txt,0.71,0.11,0.72,0.52,0.6735,0.8
lecture585.txt,0.78,0.12,0.73,0.55,0.7063,0.69
lecture586.txt,0.68,0.03,0.74,0.49,0.6675,0.65
lecture587.txt,0.64,0.07,0.68,0.47,0.6221,0.72
lecture588.txt,0.65,0.09,0.75,0.5,0.6658,0.77
lecture589.txt,0.65,0.1,0.7,0.49,0.639,0.75
lecture590.txt,0.66,0.17,0.75,0.53,0.6752,0.72
lecture591.txt,0.66,0.07,0.76,0.5,0.6737,0.79
lecture592.txt,0.79,0.12,0.76,0.56,0.7266,0.75
lecture593.txt,0.67,0.03,0.73,0.48,0.6582,0.69
lecture594.txt,0.71,0.02,0.73,0.49,0.6727,0.79
lecture595.txt,0.85,0.17,0.69,0.57,0.7144,0.79
lecture596.txt,0.74,0.13,0.76,0.55,0.7083,0.74
lecture597.txt,0.79,0.06,0.7,0.52,0.6894,0.73
lecture598.txt,0.66,0.02,0.72,0.47,0.6482,0.73
lecture599.txt,0.67,0.02,0.7,0.47,0.641,0.79
lecture600.txt,0.63,0.06,0.68,0.46,0.6176,0.72
lecture601.txt,0.66,0.04,0.74,0.48,0.6606,0.65
lecture602.txt,0.69,0.07,0.68,0.48,0.6411,0.67
lecture603.txt,0.67,0.05,0.75,0.49,0.6706,0.71
lecture604.txt,0.64,0.08,0.7,0.48,0.6338,0.63
lecture605.txt,0.65,0.02,0.67,0.45,0.6169,0.63
lecture606.txt,0.74,0.12,0.73,0.53,0.6911,0.62
lecture607.txt,0.67,0.02,0.68,0.46,0.63,0.64
lecture608.txt,0.71,0.18,0.7,0.53,0.6674,0.74
lecture609.txt,0.75,0.05,0.75,0.52,0.701,0.69
lecture610.txt,0.8,0.12,0.68,0.53,0.6864,0.77
lecture611.txt,0.63,0.1,0.76,0.5,0.6644,0.78
lecture612.txt,0.83,0.15,0.67,0.55,0.6944,0.65
lecture613.txt,0.78,0.12,0.7,0.54,0.6898,0.73
lecture614.txt,0.64,0.07,0.75,0.49,0.6606,0.76
lecture615.txt,0.85,0.08,0.7,0.54,0.7136,0.72
lecture616.txt,0.86,0.15,0.68,0.56,0.7113,0.62
lecture617.txt,0.64,0.12,0.71,0.49,0.6421,0.69
lecture618.txt,0.69,0.15,0.7,0.52,0.6577,0.64
lecture619.txt,0.83,0.13,0.76,0.58,0.7425,0.74
lecture620.txt,0.81,0.17,0.7,0.56,0.7047,0.65
lecture621.txt,0.67,0.11,0.76,0.52,0.6803,0.69
lecture622.txt,0.67,0.01,0.77,0.49,0.6788,0.64
lecture623.txt,0.72,0.13,0.72,0.53,0.6787,0.75
lecture624.txt,0.75,0.09,0.77,0.54,0.7148,0.76
lecture625.txt,0.78,0.04,0.71,0.51,0.6897,0.72
lecture626.txt,0.72,0.07,0.78,0.53,0.7075,0.69
lecture627.txt,0.74,0.05,0.68,0.49,0.6587,0.65
lecture628.txt,0.81,0.12,0.75,0.56,0.7287,0.65
lecture629.txt,0.63,0.02,0.72,0.46,0.6368,0.79
lecture630.txt,0.69,0.1,0.71,0.5,0.6597,0.69
lecture631.txt,0.81,0.17,0.74,0.58,0.7267,0.76
lecture632.txt,0.85,0.08,0.75,0.56,0.7411,0.78
lecture633.txt,0.75,0.15,0.67,0.52,0.664,0.75
lecture634.txt,0.76,0.18,0.69,0.54,0.6809,0.68
lecture635.txt,0.65,0.06,0.75,0.49,0.6637,0.76
lecture636.txt,0.74,0.05,0.74,0.51,0.6917,0.78
lecture637.txt,0.76,0.09,0.78,0.55,0.7241,0.77
lecture638.txt,0.68,0.04,0.75,0.49,0.6737,0.65
lecture639.txt,0.69,0.12,0.77,0.53,0.6941,0.78
lecture640.txt,0.72,0.06,0.75,0.51,0.6903,0.76
lecture641.txt,0.63,0.12,0.7,0.49,0.6328,0.68
lecture642.txt,0.7,0.19,0.68,0.52,0.6533,0.71
lecture643.txt,0.67,0.12,0.76,0.52,0.681,0.64
lecture644.txt,0.71,0.14,0.74,0.53,0.6866,0.74
lecture645.txt,0.65,0.02,0.68,0.45,0.6224,0.79
lecture646.txt,0.85,0.17,0.71,0.58,0.7254,0.76
lecture647.txt,0.77,0.03,0.78,0.53,0.7237,0.75
lecture648.txt,0.8,0.19,0.73,0.57,0.7188,0.73
lecture649.txt,0.83,0.18,0.72,0.58,0.724,0.76
lecture650.txt,0.75,0.07,0.72,0.52,0.6859,0.69
lecture651.txt,0.64,0.01,0.69,0.45,0.6234,0.69
lecture652.txt,0.76,0.07,0.71,0.52,0.6842,0.66
lecture653.txt,0.77,0.06,0.71,0.52,0.6873,0.72
lecture654.txt,0.81,0.08,0.68,0.52,0.6874,0.68
lecture655.txt,0.73,0.02,0.75,0.5,0.6913,0.66
lecture656.txt,0.65,0.09,0.72,0.49,0.6493,0.72
lecture657.txt,0.69,0.13,0.76,0.53,0.6893,0.74
lecture658.txt,0.71,0.07,0.76,0.52,0.6927,0.63
lecture659.txt,0.79,0.09,0.69,0.53,0.686,0.75
lecture660.txt,0.77,0.1,0.74,0.54,0.7066,0.62
lecture661.txt,0.71,0.14,0.72,0.53,0.6756,0.64
lecture662.txt,0.88,0.12,0.77,0.59,0.7663,0.75
lecture663.txt,0.78,0.06,0.69,0.51,0.6801,0.7
lecture664.txt,0.68,0.11,0.74,0.51,0.6731,0.8
lecture665.txt,0.65,0.12,0.74,0.51,0.6624,0.66
lecture666.txt,0.66,0.1,0.7,0.49,0.6428,0.72
lecture667.txt,0.68,0.05,0.69,0.48,0.6414,0.72
lecture668.txt,0.66,0.06,0.74,0.49,0.662,0.72
lecture669.txt,0.67,0.03,0.75,0.49,0.6692,0.78
lecture670.txt,0.69,0.19,0.7,0.53,0.6605,0.75
lecture671.txt,0.67,0.09,0.74,0.5,0.6679,0.7
lecture672.txt,0.85,0.1,0.71,0.55,0.7205,0.73
lecture673.txt,0.64,0.1,0.75,0.5,0.6627,0.65
lecture674.txt,0.76,0.19,0.69,0.55,0.6816,0.77
lecture675.txt,0.73,0.18,0.77,0.56,0.7135,0.78
lecture676.txt,0.88,0.07,0.7,0.55,0.7243,0.65
lecture677.txt,0.65,0.02,0.71,0.46,0.6389,0.68
lecture678.txt,0.72,0.09,0.68,0.5,0.6539,0.73
lecture679.txt,0.87,0.04,0.68,0.53,0.7074,0.69
lecture680.txt,0.85,0.07,0.73,0.55,0.7294,0.71
lecture681.txt,0.83,0.08,0.7,0.54,0.706,0.74
lecture682.txt,0.69,0.09,0.76,0.52,0.6865,0.62
lecture683.txt,0.66,0.15,0.67,0.5,0.6298,0.65
lecture684.txt,0.79,0.19,0.71,0.56,0.704,0.69
lecture685.txt,0.86,0.03,0.71,0.54,0.7194,0.63
lecture686.txt,0.76,0.1,0.67,0.51,0.6643,0.79
lecture687.txt,0.77,0.06,0.68,0.51,0.6708,0.79
lecture688.txt,0.69,0.11,0.72,0.51,0.6659,0.79
lecture689.txt,0.82,0.1,0.72,0.55,0.7146,0.73
lecture690.txt,0.67,0.1,0.71,0.5,0.6521,0.73
lecture691.txt,0.7,0.04,0.73,0.49,0.6703,0.7
lecture692.txt,0.73,0.12,0.74,0.53,0.6928,0.77
lecture693.txt,0.75,0.09,0.67,0.51,0.6598,0.71
lecture694.txt,0.68,0.03,0.72,0.48,0.6565,0.7
lecture695.txt,0.65,0.08,0.78,0.51,0.6816,0.71
lecture696.txt,0.78,0.02,0.73,0.51,0.6993,0.67
lecture697.txt,0.7,0.01,0.74,0.49,0.6737,0.71
lecture698.txt,0.77,0.03,0.7,0.5,0.6797,0.75
lecture699.txt,0.66,0.07,0.76,0.5,0.6737,0.65
lecture700.txt,0.75,0.13,0.76,0.55,0.7121,0.73
lecture701.txt,0.76,0.06,0.73,0.52,0.6945,0.78
lecture702.txt,0.63,0.1,0.78,0.51,0.6754,0.7
lecture703.txt,0.71,0.07,0.68,0.49,0.6487,0.64
lecture704.txt,0.65,0.12,0.67,0.48,0.6239,0.72
lecture705.txt,0.64,0.1,0.75,0.5,0.6627,0.75
lecture706.txt,0.88,0.02,0.76,0.56,0.7538,0.72
lecture707.txt,0.7,0.03,0.68,0.47,0.6421,0.8
lecture708.txt,0.83,0.05,0.7,0.53,0.7039,0.77
lecture709.txt,0.69,0.02,0.67,0.46,0.6321,0.71
lecture710.txt,0.8,0.04,0.7,0.52,0.6918,0.77
lecture711.txt,0.82,0.03,0.76,0.54,0.7317,0.62
lecture712.txt,0.77,0.01,0.73,0.51,0.6948,0.79
lecture713.txt,0.74,0.03,0.71,0.5,0.6738,0.63
lecture714.txt,0.73,0.11,0.71,0.52,0.6756,0.71
lecture715.txt,0.71,0.01,0.67,0.47,0.639,0.65
lecture716.txt,0.86,0.1,0.7,0.55,0.7188,0.76
lecture717.txt,0.84,0.01,0.74,0.53,0.7269,0.8
lecture718.txt,0.87,0.11,0.78,0.59,0.7673,0.77
lecture719.txt,0.65,0.11,0.76,0.51,0.6727,0.7
lecture720.txt,0.81,0.06,0.67,0.51,0.6805,0.71
lecture721.txt,0.86,0.03,0.77,0.56,0.7524,0.74
lecture722.txt,0.67,0.03,0.76,0.49,0.6747,0.7
lecture723.txt,0.64,0.07,0.76,0.49,0.6661,0.68
lecture724.txt,0.81,0.02,0.72,0.52,0.7052,0.71
lecture725.txt,0.77,0.11,0.71,0.53,0.6908,0.78
lecture726.txt,0.84,0.01,0.7,0.52,0.7049,0.74
lecture727.txt,0.66,0.12,0.68,0.49,0.6332,0.73
lecture728.txt,0.83,0.11,0.7,0.55,0.7081,0.78
lecture729.txt,0.67,0.12,0.7,0.5,0.648,0.62
lecture730.txt,0.66,0.06,0.72,0.48,0.651,0.71
lecture731.txt,0.66,0.07,0.75,0.5,0.6682,0.7
lecture732.txt,0.83,0.06,0.72,0.54,0.7156,0.69
lecture733.txt,0.79,0.12,0.68,0.53,0.6826,0.67
lecture734.txt,0.76,0.1,0.78,0.55,0.7248,0.72
lecture735.txt,0.71,0.03,0.77,0.51,0.6954,0.63
lecture736.txt,0.85,0.04,0.76,0.55,0.7438,0.69
lecture737.txt,0.72,0.1,0.78,0.54,0.7096,0.76
lecture738.txt,0.83,0.04,0.73,0.54,0.7197,0.7
lecture739.txt,0.73,0.08,0.78,0.53,0.712,0.62
lecture740.txt,0.72,0.1,0.68,0.5,0.6546,0.63
lecture741.txt,0.74,0.12,0.71,0.53,0.6801,0.65
lecture742.txt,0.7,0.13,0.69,0.51,0.6546,0.64
lecture743.txt,0.81,0.13,0.69,0.54,0.6964,0.62
lecture744.txt,0.75,0.03,0.69,0.49,0.6666,0.68
lecture745.txt,0.68,0.1,0.74,0.51,0.6724,0.69
lecture746.txt,0.85,0.11,0.76,0.58,0.7487,0.65
lecture747.txt,0.72,0.04,0.73,0.5,0.6779,0.63
lecture748.txt,0.76,0.06,0.69,0.51,0.6725,0.67
lecture749.txt,0.86,0.12,0.76,0.58,0.7532,0.69
lecture750.txt,0.78,0.03,0.74,0.52,0.7055,0.63
lecture751.txt,0.65,0.12,0.71,0.5,0.6459,0.67
lecture752.txt,0.86,0.05,0.74,0.55,0.7373,0.71
lecture753.txt,0.78,0.07,0.7,0.52,0.6863,0.7
lecture754.txt,0.71,0.06,0.71,0.5,0.6645,0.71
lecture755.txt,0.66,0.05,0.77,0.5,0.6778,0.78
lecture756.txt,0.83,0.12,0.7,0.55,0.7088,0.7
lecture757.txt,0.78,0.13,0.72,0.55,0.7015,0.8
lecture758.txt,0.76,0.11,0.77,0.55,0.72,0.71
lecture759.txt,0.85,0.03,0.75,0.55,0.7376,0.68
lecture760.txt,0.83,0.13,0.68,0.55,0.6985,0.68
lecture761.txt,0.66,0.1,0.69,0.49,0.6373,0.75
lecture762.txt,0.7,0.02,0.67,0.47,0.6359,0.75
lecture763.txt,0.68,0.02,0.74,0.48,0.6668,0.71
lecture764.txt,0.81,0.11,0.72,0.55,0.7115,0.75
lecture765.txt,0.63,0.03,0.68,0.45,0.6155,0.67
lecture766.txt,0.77,0.07,0.78,0.54,0.7265,0.64
lecture767.txt,0.82,0.04,0.73,0.53,0.7159,0.77
lecture768.txt,0.85,0.11,0.7,0.55,0.7157,0.68
lecture769.txt,0.71,0.09,0.73,0.51,0.6776,0.62
lecture770.txt,0.83,0.09,0.74,0.56,0.7287,0.7
lecture771.txt,0.65,0.11,0.68,0.48,0.6287,0.68
lecture772.txt,0.84,0.06,0.7,0.54,0.7084,0.65
lecture773.txt,0.65,0.12,0.76,0.51,0.6734,0.77
lecture774.txt,0.72,0.14,0.72,0.53,0.6794,0.71
lecture775.txt,0.83,0.13,0.73,0.57,0.726,0.7
lecture776.txt,0.66,0.07,0.72,0.49,0.6517,0.7
lecture777.txt,0.68,0.13,0.67,0.5,0.636,0.67
lecture778.txt,0.81,0.1,0.69,0.53,0.6943,0.76
lecture779.txt,0.81,0.06,0.72,0.53,0.708,0.72
lecture780.txt,0.79,0.12,0.69,0.53,0.6881,0.77
lecture781.txt,0.8,0.01,0.68,0.5,0.6787,0.68
lecture782.txt,0.76,0.12,0.76,0.55,0.7152,0.67
lecture783.txt,0.69,0.11,0.78,0.53,0.6989,0.67
lecture784.txt,0.71,0.13,0.76,0.54,0.6969,0.69
lecture785.txt,0.67,0.13,0.76,0.52,0.6817,0.64
lecture786.txt,0.86,0.12,0.7,0.56,0.7202,0.79
lecture787.txt,0.77,0.13,0.78,0.56,0.7307,0.69
lecture788.txt,0.72,0.13,0.69,0.52,0.6622,0.76
lecture789.txt,0.74,0.02,0.77,0.51,0.7061,0.69
lecture790.txt,0.87,0.12,0.78,0.59,0.768,0.64
lecture791.txt,0.66,0.03,0.75,0.48,0.6654,0.78
lecture792.txt,0.77,0.13,0.78,0.56,0.7307,0.63
lecture793.txt,0.75,0.12,0.73,0.54,0.6949,0.64
lecture794.txt,0.78,0.13,0.7,0.54,0.6905,0.71
lecture795.txt,0.62,0.01,0.72,0.45,0.6323,0.75
lecture796.txt,0.85,0.02,0.74,0.54,0.7314,0.78
lecture797.txt,0.86,0.13,0.68,0.56,0.7099,0.74
lecture798.txt,0.77,0.02,0.74,0.51,0.701,0.64
lecture799.txt,0.8,0.02,0.78,0.54,0.7344,0.71
lecture800.txt,0.86,0.03,0.69,0.53,0.7084,0.63
lecture801.txt,0.8,0.13,0.76,0.57,0.7311,0.79
lecture802.txt,0.66,0.12,0.77,0.52,0.6827,0.68
lecture803.txt,0.77,0.08,0.77,0.54,0.7217,0.73
lecture804.txt,0.78,0.07,0.78,0.55,0.7303,0.76
lecture805.txt,0.73,0.08,0.73,0.52,0.6845,0.69
lecture806.txt,0.81,0.12,0.78,0.57,0.7452,0.7
lecture807.txt,0.86,0.12,0.75,0.58,0.7477,0.69
lecture808.txt,0.86,0.04,0.69,0.53,0.7091,0.67
lecture809.txt,0.74,0.04,0.72,0.5,0.68,0.66
lecture810.txt,0.65,0.02,0.75,0.48,0.6609,0.75
lecture811.txt,0.88,0.13,0.7,0.57,0.7285,0.66
lecture812.txt,0.84,0.13,0.74,0.57,0.7353,0.78
lecture813.txt,0.65,0.06,0.74,0.49,0.6582,0.79
lecture814.txt,0.86,0.06,0.69,0.54,0.7105,0.73
lecture815.txt,0.85,0.02,0.73,0.54,0.7259,0.7
lecture816.txt,0.75,0.13,0.75,0.55,0.7066,0.7
lecture817.txt,0.77,0.07,0.72,0.52,0.6935,0.72
lecture818.txt,0.72,0.12,0.67,0.51,0.6505,0.64
lecture819.txt,0.63,0.12,0.67,0.48,0.6163,0.74
lecture820.txt,0.71,0.09,0.71,0.51,0.6666,0.8
lecture821.txt,0.83,0.05,0.77,0.55,0.7424,0.67
lecture822.txt,0.62,0.03,0.7,0.45,0.6227,0.73
lecture823.txt,0.71,0.12,0.74,0.53,0.6852,0.71
lecture824.txt,0.72,0.13,0.69,0.52,0.6622,0.7
lecture825.txt,0.76,0.13,0.71,0.54,0.6884,0.79
lecture826.txt,0.86,0.12,0.76,0.58,0.7532,0.67
lecture827.txt,0.71,0.01,0.75,0.49,0.683,0.73
lecture828.txt,0.71,0.13,0.68,0.51,0.6529,0.69
lecture829.txt,0.81,0.13,0.72,0.56,0.7129,0.8
lecture830.txt,0.74,0.07,0.67,0.5,0.6546,0.77
lecture831.txt,0.68,0.13,0.72,0.51,0.6635,0.74
lecture832.txt,0.74,0.12,0.74,0.54,0.6966,0.65
lecture833.txt,0.66,0.13,0.68,0.49,0.6339,0.79
lecture834.txt,0.67,0.12,0.7,0.5,0.648,0.8
lecture835.txt,0.75,0.12,0.71,0.53,0.6839,0.65
lecture836.txt,0.73,0.14,0.77,0.55,0.7107,0.7
lecture837.txt,0.86,0.03,0.78,0.56,0.7579,0.71
lecture838.txt,0.71,0.08,0.67,0.49,0.6439,0.65
lecture839.txt,0.77,0.13,0.75,0.55,0.7142,0.7
lecture840.txt,0.78,0.05,0.71,0.52,0.6904,0.7
lecture841.txt,0.62,0.09,0.71,0.48,0.6324,0.65
lecture842.txt,0.79,0.1,0.75,0.55,0.7197,0.72
lecture843.txt,0.67,0.1,0.77,0.52,0.6851,0.65
lecture844.txt,0.87,0.13,0.77,0.59,0.7632,0.63
lecture845.txt,0.66,0.12,0.73,0.51,0.6607,0.65
lecture846.txt,0.73,0.06,0.71,0.5,0.6721,0.68
lecture847.txt,0.64,0.03,0.76,0.48,0.6633,0.65
lecture848.txt,0.88,0.05,0.7,0.54,0.7229,0.72
lecture849.txt,0.75,0.12,0.73,0.54,0.6949,0.7
lecture850.txt,0.77,0.13,0.71,0.54,0.6922,0.7
lecture851.txt,0.64,0.07,0.74,0.49,0.6551,0.65
lecture852.txt,0.81,0.12,0.7,0.54,0.7012,0.65
lecture853.txt,0.67,0.12,0.69,0.5,0.6425,0.7
lecture854.txt,0.85,0.13,0.77,0.59,0.7556,0.75
lecture855.txt,0.67,0.13,0.68,0.5,0.6377,0.7
lecture856.txt,0.67,0.06,0.73,0.49,0.6603,0.7
lecture857.txt,0.63,0.13,0.69,0.49,0.628,0.65
lecture858.txt,0.74,0.11,0.67,0.51,0.6574,0.65
lecture859.txt,0.77,0.13,0.67,0.52,0.6702,0.7
lecture860.txt,0.64,0.12,0.69,0.49,0.6311,0.6
lecture861.txt,0.82,0.12,0.77,0.57,0.7435,0.7
lecture862.txt,0.74,0.14,0.7,0.53,0.676,0.65
lecture863.txt,0.76,0.04,0.77,0.53,0.7151,0.7
lecture864.txt,0.73,0.13,0.73,0.53,0.688,0.7
lecture865.txt,0.72,0.12,0.72,0.52,0.678,0.7
lecture866.txt,0.77,0.12,0.73,0.54,0.7025,0.71
lecture867.txt,0.66,0.01,0.73,0.47,0.653,0.65
lecture868.txt,0.67,0.04,0.75,0.49,0.6699,0.66
lecture869.txt,0.84,0.03,0.7,0.53,0.7063,0.7
lecture870.txt,0.87,0.12,0.71,0.57,0.7295,0.7
lecture871.txt,0.72,0.14,0.77,0.55,0.7069,0.65
lecture872.txt,0.69,0.05,0.77,0.51,0.6892,0.75
lecture873.txt,0.79,0.12,0.77,0.56,0.7321,0.75
lecture874.txt,0.73,0.12,0.72,0.53,0.6818,0.7
lecture875.txt,0.63,0.13,0.76,0.51,0.6665,0.66
lecture876.txt,0.66,0.12,0.72,0.5,0.6552,0.65
lecture877.txt,0.81,0.14,0.72,0.56,0.7136,0.7
lecture878.txt,0.79,0.12,0.69,0.53,0.6881,0.7
lecture879.txt,0.63,0.07,0.74,0.48,0.6513,0.65
lecture880.txt,0.68,0.13,0.69,0.5,0.647,0.65
lecture881.txt,0.68,0.13,0.71,0.51,0.658,0.7
lecture882.txt,0.79,0.14,0.76,0.57,0.728,0.7
lecture883.txt,0.63,0.15,0.69,0.49,0.6294,0.65
lecture884.txt,0.65,0.12,0.68,0.49,0.6294,0.65
lecture885.txt,0.83,0.04,0.68,0.52,0.6922,0.7
lecture886.txt,0.67,0.11,0.77,0.52,0.6858,0.66
lecture887.txt,0.79,0.03,0.73,0.52,0.7038,0.75
lecture888.txt,0.68,0.06,0.72,0.49,0.6586,0.65
lecture889.txt,0.65,0.12,0.76,0.51,0.6734,0.65
lecture890.txt,0.68,0.14,0.76,0.53,0.6862,0.68
lecture891.txt,0.81,0.02,0.71,0.52,0.6997,0.7
lecture892.txt,0.84,0.09,0.75,0.56,0.738,0.7
lecture893.txt,0.84,0.11,0.75,0.57,0.7394,0.75
lecture894.txt,0.72,0.05,0.74,0.51,0.6841,0.7
lecture895.txt,0.79,0.13,0.69,0.54,0.6888,0.72
lecture896.txt,0.67,0.09,0.77,0.51,0.6844,0.7
lecture897.txt,0.7,0.13,0.73,0.52,0.6766,0.7
lecture898.txt,0.85,0.04,0.7,0.53,0.7108,0.7
lecture899.txt,0.62,0.08,0.72,0.48,0.6372,0.65
lecture900.txt,0.64,0.12,0.67,0.48,0.6201,0.7
lecture901.txt,0.67,0.13,0.68,0.5,0.6377,0.6
lecture902.txt,0.63,0.04,0.75,0.48,0.6547,0.65
lecture903.txt,0.67,0.12,0.67,0.49,0.6315,0.6
lecture904.txt,0.77,0.01,0.72,0.5,0.6893,0.7
lecture905.txt,0.73,0.11,0.73,0.53,0.6866,0.65
lecture906.txt,0.85,0.05,0.68,0.53,0.7005,0.66
lecture907.txt,0.83,0.11,0.78,0.58,0.7521,0.63
lecture908.txt,0.71,0.08,0.69,0.5,0.6549,0.62
lecture909.txt,0.69,0.08,0.7,0.49,0.6528,0.74
lecture910.txt,0.72,0.03,0.7,0.49,0.6607,0.64
lecture911.txt,0.77,0.07,0.7,0.52,0.6825,0.77
lecture912.txt,0.69,0.1,0.67,0.49,0.6377,0.8
lecture913.txt,0.78,0.11,0.75,0.55,0.7166,0.7
lecture914.txt,0.73,0.08,0.78,0.53,0.712,0.65
lecture915.txt,0.76,0.1,0.69,0.52,0.6753,0.7
lecture916.txt,0.73,0.11,0.74,0.53,0.6921,0.79
lecture917.txt,0.7,0.14,0.75,0.53,0.6883,0.65
lecture918.txt,0.87,0.13,0.76,0.59,0.7577,0.68
lecture919.txt,0.82,0.09,0.72,0.55,0.7139,0.63
lecture920.txt,0.66,0.09,0.7,0.49,0.6421,0.7
lecture921.txt,0.85,0.11,0.71,0.56,0.7212,0.67
lecture922.txt,0.75,0.03,0.75,0.51,0.6996,0.69
lecture923.txt,0.85,0.12,0.76,0.58,0.7494,0.63
lecture924.txt,0.83,0.08,0.69,0.53,0.7005,0.63
lecture925.txt,0.73,0.12,0.71,0.52,0.6763,0.7
lecture926.txt,0.63,0.02,0.77,0.48,0.6643,0.66
lecture927.txt,0.69,0.12,0.76,0.53,0.6886,0.7
lecture928.txt,0.76,0.11,0.78,0.55,0.7255,0.76
lecture929.txt,0.78,0.12,0.75,0.55,0.7173,0.67
lecture930.txt,0.69,0.01,0.71,0.47,0.6534,0.73
lecture931.txt,0.66,0.13,0.73,0.51,0.6614,0.74
lecture932.txt,0.84,0.13,0.74,0.57,0.7353,0.75
lecture933.txt,0.88,0.13,0.68,0.56,0.7175,0.7
lecture934.txt,0.76,0.12,0.73,0.54,0.6987,0.65
lecture935.txt,0.66,0.12,0.75,0.51,0.6717,0.79
lecture936.txt,0.69,0.12,0.69,0.5,0.6501,0.75
lecture937.txt,0.62,0.06,0.76,0.48,0.6578,0.76
lecture938.txt,0.86,0.12,0.73,0.57,0.7367,0.7
lecture939.txt,0.65,0.11,0.77,0.51,0.6782,0.67
lecture940.txt,0.77,0.02,0.67,0.49,0.6625,0.62
lecture941.txt,0.69,0.01,0.7,0.47,0.6479,0.75
lecture942.txt,0.76,0.08,0.74,0.53,0.7014,0.73
lecture943.txt,0.79,0.12,0.7,0.54,0.6936,0.73
lecture944.txt,0.84,0.13,0.75,0.58,0.7408,0.67
lecture945.txt,0.67,0.14,0.75,0.52,0.6769,0.68
lecture946.txt,0.62,0.12,0.68,0.48,0.618,0.66
lecture947.txt,0.66,0.1,0.73,0.5,0.6593,0.7
lecture948.txt,0.85,0.03,0.73,0.54,0.7266,0.69
lecture949.txt,0.85,0.08,0.71,0.55,0.7191,0.63
lecture950.txt,0.78,0.1,0.77,0.55,0.7269,0.78
lecture951.txt,0.78,0.02,0.76,0.52,0.7158,0.75
lecture952.txt,0.79,0.05,0.75,0.53,0.7162,0.76
lecture953.txt,0.67,0.13,0.75,0.52,0.6762,0.7
lecture954.txt,0.86,0.13,0.72,0.57,0.7319,0.73
lecture955.txt,0.73,0.13,0.77,0.55,0.71,0.78
lecture956.txt,0.72,0.13,0.75,0.54,0.6952,0.66
lecture957.txt,0.75,0.15,0.75,0.55,0.708,0.72
lecture958.txt,0.63,0.1,0.76,0.5,0.6644,0.66
lecture959.txt,0.66,0.15,0.7,0.51,0.6463,0.63
lecture960.txt,0.81,0.14,0.76,0.57,0.7356,0.79
lecture961.txt,0.64,0.03,0.69,0.46,0.6248,0.71
lecture962.txt,0.78,0.09,0.71,0.53,0.6932,0.73
lecture963.txt,0.68,0.13,0.71,0.51,0.658,0.8
lecture964.txt,0.72,0.09,0.78,0.53,0.7089,0.63
lecture965.txt,0.7,0.13,0.76,0.53,0.6931,0.66
lecture966.txt,0.71,0.14,0.75,0.54,0.6921,0.67
lecture967.txt,0.81,0.04,0.75,0.54,0.7231,0.78
lecture968.txt,0.7,0.08,0.73,0.51,0.6731,0.73
lecture969.txt,0.77,0.08,0.77,0.54,0.7217,0.69
lecture970.txt,0.74,0.01,0.72,0.49,0.6779,0.66
lecture971.txt,0.79,0.01,0.71,0.51,0.6914,0.77
lecture972.txt,0.86,0.14,0.69,0.56,0.7161,0.8
lecture973.txt,0.81,0.06,0.76,0.55,0.73,0.76
lecture974.txt,0.68,0.12,0.75,0.52,0.6793,0.74
lecture975.txt,0.63,0.07,0.71,0.47,0.6348,0.65
lecture976.txt,0.69,0.12,0.67,0.5,0.6391,0.76
lecture977.txt,0.77,0.06,0.76,0.53,0.7148,0.66
lecture978.txt,0.63,0.1,0.67,0.47,0.6149,0.65
lecture979.txt,0.75,0.12,0.75,0.54,0.7059,0.71
lecture980.txt,0.78,0.13,0.78,0.57,0.7345,0.7
lecture981.txt,0.71,0.04,0.72,0.49,0.6686,0.7
lecture982.txt,0.82,0.13,0.7,0.55,0.7057,0.65
lecture983.txt,0.65,0.11,0.75,0.51,0.6672,0.65
lecture984.txt,0.64,0.11,0.76,0.51,0.6689,0.7
lecture985.txt,0.81,0.03,0.73,0.53,0.7114,0.7
lecture986.txt,0.7,0.02,0.78,0.52,0.6964,0.7
lecture987.txt,0.8,0.14,0.68,0.54,0.6878,0.65
lecture988.txt,0.73,0.11,0.73,0.53,0.6866,0.65
lecture989.txt,0.68,0.1,0.75,0.51,0.6779,0.7
lecture990.txt,0.83,0.14,0.76,0.58,0.7432,0.75
lecture991.txt,0.83,0.12,0.69,0.55,0.7033,0.7
lecture992.txt,0.8,0.04,0.76,0.54,0.7248,0.7
lecture993.txt,0.69,0.14,0.73,0.52,0.6735,0.65
lecture994.txt,0.77,0.12,0.71,0.51,0.6915,0.7
lecture995.txt,0.71,0.14,0.68,0.51,0.6536,0.6
lecture996.txt,0.64,0.13,0.77,0.52,0.6758,0.67
lecture997.txt,0.86,0.12,0.69,0.56,0.7147,0.65
lecture998.txt,0.66,0.02,0.7,0.46,0.6372,0.65
lecture999.txt,0.87,0.01,0.7,0.53,0.7163,0.7
